S/N,Date,Type of Waste,# of Trips,UoM,W. Entrance,W. Exit,W. Net,,,,,
1,14-Oct-2024,Sand,1,Load,N/A,N/A,0.00,,,,,
2,14-Oct-2024,Sand,1,Load,N/A,N/A,0.00,,,,,
3,14-Oct-2024,Sand,1,Load,N/A,N/A,0.00,,,,,
4,14-Oct-2024,Sand,1,Load,N/A,N/A,0.00,,,,,
5,14-Oct-2024,Sand,1,Load,N/A,N/A,0.00,,,,,
6,14-Oct-2024,Sand,1,Load,N/A,N/A,0.00,,,,,
7,14-Oct-2024,Sand,1,Load,N/A,N/A,0.00,,,,,
8,15-Oct-2024,Sand,1,Load,N/A,N/A,0.00,,,,,
9,15-Oct-2024,Sand,1,Load,N/A,N/A,0.00,,,,,
10,15-Oct-2024,Sand,1,Load,N/A,N/A,0.00,,,,,
11,15-Oct-2024,Sand,1,Load,N/A,N/A,0.00,,,,,
12,15-Oct-2024,Sand,1,Load,N/A,N/A,0.00,,,,,
13,15-Oct-2024,Sand,1,Load,N/A,N/A,0.00,,,,,
14,15-Oct-2024,Sand,1,Load,N/A,N/A,0.00,,,,,
15,16-Oct-2024,Sand,1,Load,N/A,N/A,0.00,,,,,
16,16-Oct-2024,Sand,1,Load,N/A,N/A,0.00,,,,,
17,16-Oct-2024,Sand,1,Load,N/A,N/A,0.00,,,,,
18,16-Oct-2024,Sand,1,Load,N/A,N/A,0.00,,,,,
19,16-Oct-2024,Sand,1,Load,N/A,N/A,0.00,,,,,
20,16-Oct-2024,Sand,1,Load,N/A,N/A,0.00,,,,,
21,16-Oct-2024,Sand,1,Load,N/A,N/A,0.00,,,,,
22,16-Oct-2024,Sand,1,Load,N/A,N/A,0.00,,,,,
23,16-Oct-2024,Sand,1,Load,N/A,N/A,0.00,,,,,
24,16-Oct-2024,Sand,1,Load,N/A,N/A,0.00,,,,,
25,19-Oct-2024,Sand,1,Load,N/A,N/A,0.00,,,,,
26,19-Oct-2024,Sand,1,Load,N/A,N/A,0.00,,,,,
27,19-Oct-2024,Sand,1,Load,N/A,N/A,0.00,,,,,
28,19-Oct-2024,Sand,1,Load,N/A,N/A,0.00,,,,,
29,19-Oct-2024,Sand,1,Load,N/A,N/A,0.00,,,,,
30,19-Oct-2024,Sand,1,Load,N/A,N/A,0.00,,,,,
31,19-Oct-2024,Sand,1,Load,N/A,N/A,0.00,,,,,
32,19-Oct-2024,Sand,1,Load,N/A,N/A,0.00,,,,,
33,19-Oct-2024,Sand,1,Load,N/A,N/A,0.00,,,,,
34,19-Oct-2024,Sand,1,Load,N/A,N/A,0.00,,,,,
35,19-Oct-2024,Sand,1,Load,N/A,N/A,0.00,,,,,
36,19-Oct-2024,Sand,1,Load,N/A,N/A,0.00,,,,,
37,19-Oct-2024,Sand,1,Load,N/A,N/A,0.00,,,,,
38,19-Oct-2024,Sand,1,Load,N/A,N/A,0.00,,,,,
39,19-Oct-2024,Sand,1,Load,N/A,N/A,0.00,,,,,
40,19-Oct-2024,Sand,1,Load,N/A,N/A,0.00,,,,,
41,19-Oct-2024,Sand,1,Load,N/A,N/A,0.00,,,,,
42,20-Oct-2024,Sand,1,Load,N/A,N/A,0.00,,,,,
43,20-Oct-2024,Sand,1,Load,N/A,N/A,0.00,,,,,
44,20-Oct-2024,Sand,1,Load,N/A,N/A,0.00,,,,,
45,20-Oct-2024,Sand,1,Load,N/A,N/A,0.00,,,,,
46,20-Oct-2024,Sand,1,Load,N/A,N/A,0.00,,,,,
47,20-Oct-2024,Sand,1,Load,N/A,N/A,0.00,,,,,
48,20-Oct-2024,Sand,1,Load,N/A,N/A,0.00,,,,,
49,20-Oct-2024,Sand,1,Load,N/A,N/A,0.00,,,,,
50,20-Oct-2024,Sand,1,Load,N/A,N/A,0.00,,,,,
51,20-Oct-2024,Sand,1,Load,N/A,N/A,0.00,,,,,
52,20-Oct-2024,Sand,1,Load,N/A,N/A,0.00,,,,,
53,20-Oct-2024,Sand,1,Load,N/A,N/A,0.00,,,,,
54,20-Oct-2024,Sand,1,Load,N/A,N/A,0.00,,,,,
55,21-Oct-2024,Sand,1,Load,N/A,N/A,0.00,,,,,
56,21-Oct-2024,Sand,1,Load,N/A,N/A,0.00,,,,,
57,21-Oct-2024,Sand,1,Load,N/A,N/A,0.00,,,,,
58,21-Oct-2024,Sand,1,Load,N/A,N/A,0.00,,,,,
59,21-Oct-2024,Sand,1,Load,N/A,N/A,0.00,,,,,
60,21-Oct-2024,Sand,1,Load,N/A,N/A,0.00,,,,,
61,21-Oct-2024,Sand,1,Load,N/A,N/A,0.00,,,,,
62,21-Oct-2024,Sand,1,Load,N/A,N/A,0.00,,,,,
63,21-Oct-2024,Sand,1,Load,N/A,N/A,0.00,,,,,
64,21-Oct-2024,Sand,1,Load,N/A,N/A,0.00,,,,,
65,21-Oct-2024,Sand,1,Load,N/A,N/A,0.00,,,,,
66,21-Oct-2024,Sand,1,Load,N/A,N/A,0.00,,,,,
67,21-Oct-2024,Sand,1,Load,N/A,N/A,0.00,,,,,
68,21-Oct-2024,Sand,1,Load,N/A,N/A,0.00,,,,,
69,21-Oct-2024,Sand,1,Load,N/A,N/A,0.00,,,,,
70,21-Oct-2024,Sand,1,Load,N/A,N/A,0.00,,,,,
71,21-Oct-2024,Sand,1,Load,N/A,N/A,0.00,,,,,
72,21-Oct-2024,Sand,1,Load,N/A,N/A,0.00,,,,,
73,22-Oct-2024,Sand,1,Load,N/A,N/A,0.00,,,,,
74,22-Oct-2024,Sand,1,Load,N/A,N/A,0.00,,,,,
75,22-Oct-2024,Sand,1,Load,N/A,N/A,0.00,,,,,
76,22-Oct-2024,Sand,1,Load,N/A,N/A,0.00,,,,,
77,22-Oct-2024,Sand,1,Load,N/A,N/A,0.00,,,,,
78,22-Oct-2024,Sand,1,Load,N/A,N/A,0.00,,,,,
79,22-Oct-2024,Sand,1,Load,N/A,N/A,0.00,,,,,
80,22-Oct-2024,Sand,1,Load,N/A,N/A,0.00,,,,,
81,22-Oct-2024,Sand,1,Load,N/A,N/A,0.00,,,,,
82,22-Oct-2024,Sand,1,Load,N/A,N/A,0.00,,,,,
83,22-Oct-2024,Sand,1,Load,N/A,N/A,0.00,,,,,
84,22-Oct-2024,Sand,1,Load,N/A,N/A,0.00,,,,,
85,22-Oct-2024,Sand,1,Load,N/A,N/A,0.00,,,,,
86,22-Oct-2024,Sand,1,Load,N/A,N/A,0.00,,,,,
87,22-Oct-2024,Sand,1,Load,N/A,N/A,0.00,,,,,
88,23-Oct-2024,Sand,1,Load,N/A,N/A,0.00,,,,,
89,23-Oct-2024,Sand,1,Load,N/A,N/A,0.00,,,,,
90,23-Oct-2024,Sand,1,Load,N/A,N/A,0.00,,,,,
91,23-Oct-2024,Sand,1,Load,N/A,N/A,0.00,,,,,
92,23-Oct-2024,Sand,1,Load,N/A,N/A,0.00,,,,,
93,23-Oct-2024,Sand,1,Load,N/A,N/A,0.00,,,,,
94,23-Oct-2024,Sand,1,Load,N/A,N/A,0.00,,,,,
95,23-Oct-2024,Sand,1,Load,N/A,N/A,0.00,,,,,
96,23-Oct-2024,Sand,1,Load,N/A,N/A,0.00,,,,,
97,23-Oct-2024,Sand,1,Load,N/A,N/A,0.00,,,,,
98,23-Oct-2024,Sand,1,Load,N/A,N/A,0.00,,,,,
99,23-Oct-2024,Sand,1,Load,N/A,N/A,0.00,,,,,
100,23-Oct-2024,Sand,1,Load,N/A,N/A,0.00,,,,,
101,23-Oct-2024,Sand,1,Load,N/A,N/A,0.00,,,,,
102,23-Oct-2024,Sand,1,Load,N/A,N/A,0.00,,,,,
103,23-Oct-2024,Sand,1,Load,N/A,N/A,0.00,,,,,
104,23-Oct-2024,Sand,1,Load,N/A,N/A,0.00,,,,,
105,24-Oct-2024,Sand,1,Load,N/A,N/A,0.00,,,,,
106,24-Oct-2024,Sand,1,Load,N/A,N/A,0.00,,,,,
107,24-Oct-2024,Sand,1,Load,N/A,N/A,0.00,,,,,
108,24-Oct-2024,Sand,1,Load,N/A,N/A,0.00,,,,,
109,24-Oct-2024,Sand,1,Load,N/A,N/A,0.00,,,,,
110,24-Oct-2024,Sand,1,Load,N/A,N/A,0.00,,,,,
87,24-Oct-2024,Oversize,1,Ton,N/A,N/A,26.00,,,,,
88,24-Oct-2024,Sand,1,Load,N/A,N/A,0.00,,,,,
89,24-Oct-2024,Oversize,1,Ton,N/A,N/A,26.00,,,,,
90,24-Oct-2024,Oversize,1,Ton,N/A,N/A,26.00,,,,,
91,24-Oct-2024,Oversize,1,Ton,N/A,N/A,26.00,,,,,
92,24-Oct-2024,Oversize,1,Ton,N/A,N/A,26.00,,,,,
93,24-Oct-2024,Oversize,1,Ton,N/A,N/A,26.00,,,,,
94,24-Oct-2024,Sand,1,Load,N/A,N/A,0.00,,,,,
95,24-Oct-2024,Sand,1,Load,N/A,N/A,0.00,,,,,
96,24-Oct-2024,Sand,1,Load,N/A,N/A,0.00,,,,,
97,24-Oct-2024,Sand,1,Load,N/A,N/A,0.00,,,,,
98,25-Oct-2024,Sand,1,Load,N/A,N/A,0.00,,,,,
99,25-Oct-2024,Oversize,1,Ton,N/A,N/A,26.00,,,,,
100,25-Oct-2024,Sand,1,Load,N/A,N/A,0.00,,,,,
101,25-Oct-2024,Sand,1,Load,N/A,N/A,0.00,,,,,
102,25-Oct-2024,Oversize,1,Ton,N/A,N/A,26.00,,,,,
103,25-Oct-2024,Oversize,1,Ton,N/A,N/A,26.00,,,,,
104,25-Oct-2024,Sand,1,Load,N/A,N/A,0.00,,,,,
105,25-Oct-2024,Sand,1,Load,N/A,N/A,0.00,,,,,
106,25-Oct-2024,Sand,1,Load,N/A,N/A,0.00,,,,,
107,25-Oct-2024,Sand,1,Load,N/A,N/A,0.00,,,,,
108,25-Oct-2024,Sand,1,Load,N/A,N/A,0.00,,,,,
109,25-Oct-2024,Sand,1,Load,N/A,N/A,0.00,,,,,
110,25-Oct-2024,Sand,1,Load,N/A,N/A,0.00,,,,,
111,25-Oct-2024,Oversize,1,Ton,N/A,N/A,26.00,,,,,
112,25-Oct-2024,Sand,1,Load,N/A,N/A,0.00,,,,,
113,25-Oct-2024,Sand,1,Load,N/A,N/A,0.00,,,,,
114,25-Oct-2024,Oversize,1,Ton,N/A,N/A,26.00,,,,,
115,25-Oct-2024,Oversize,1,Ton,N/A,N/A,26.00,,,,,
116,25-Oct-2024,Oversize,1,Ton,N/A,N/A,26.00,,,,,
117,25-Oct-2024,Sand,1,Load,N/A,N/A,0.00,,,,,
118,25-Oct-2024,Oversize,1,Ton,N/A,N/A,26.00,,,,,
119,25-Oct-2024,Oversize,1,Ton,N/A,N/A,26.00,,,,,
120,25-Oct-2024,Oversize,1,Ton,N/A,N/A,26.00,,,,,
121,25-Oct-2024,Oversize,1,Ton,N/A,N/A,26.00,,,,,
122,26-Oct-2024,Sand,1,Load,N/A,N/A,0.00,,,,,
123,26-Oct-2024,Sand,1,Load,N/A,N/A,0.00,,,,,
124,26-Oct-2024,Sand,1,Load,N/A,N/A,0.00,,,,,
125,26-Oct-2024,Sand,1,Load,N/A,N/A,0.00,,,,,
126,26-Oct-2024,Oversize,1,Ton,N/A,N/A,26.00,,,,,
127,26-Oct-2024,Oversize,1,Ton,N/A,N/A,26.00,,,,,
128,26-Oct-2024,Oversize,1,Ton,N/A,N/A,26.00,,,,,
129,26-Oct-2024,Sand,1,Load,N/A,N/A,0.00,,,,,
130,26-Oct-2024,Sand,1,Load,N/A,N/A,0.00,,,,,
131,26-Oct-2024,Sand,1,Load,N/A,N/A,0.00,,,,,
132,26-Oct-2024,Sand,1,Load,N/A,N/A,0.00,,,,,
133,26-Oct-2024,Sand,1,Load,N/A,N/A,0.00,,,,,
134,26-Oct-2024,Sand,1,Load,N/A,N/A,0.00,,,,,
135,26-Oct-2024,Sand,1,Load,N/A,N/A,0.00,,,,,
136,26-Oct-2024,Sand,1,Load,N/A,N/A,0.00,,,,,
137,26-Oct-2024,Sand,1,Load,N/A,N/A,0.00,,,,,
138,26-Oct-2024,Sand,1,Load,N/A,N/A,0.00,,,,,
139,26-Oct-2024,Sand,1,Load,N/A,N/A,0.00,,,,,
140,26-Oct-2024,Sand,1,Load,N/A,N/A,0.00,,,,,
141,26-Oct-2024,Sand,1,Load,N/A,N/A,0.00,,,,,
142,26-Oct-2024,Sand,1,Load,N/A,N/A,0.00,,,,,
143,26-Oct-2024,Sand,1,Load,N/A,N/A,0.00,,,,,
144,26-Oct-2024,Sand,1,Load,N/A,N/A,0.00,,,,,
145,26-Oct-2024,Sand,1,Load,N/A,N/A,0.00,,,,,
146,26-Oct-2024,Sand,1,Load,N/A,N/A,0.00,,,,,
147,26-Oct-2024,Sand,1,Load,N/A,N/A,0.00,,,,,
148,26-Oct-2024,Sand,1,Load,N/A,N/A,0.00,,,,,
149,26-Oct-2024,Sand,1,Load,N/A,N/A,0.00,,,,,
150,27-Oct-2024,Sand,1,Load,N/A,N/A,0.00,,,,,
151,27-Oct-2024,Sand,1,Load,N/A,N/A,0.00,,,,,
152,27-Oct-2024,Sand,1,Load,N/A,N/A,0.00,,,,,
153,27-Oct-2024,Sand,1,Load,N/A,N/A,0.00,,,,,
154,27-Oct-2024,Sand,1,Load,N/A,N/A,0.00,,,,,
155,27-Oct-2024,Sand,1,Load,N/A,N/A,0.00,,,,,
156,27-Oct-2024,Sand,1,Load,N/A,N/A,0.00,,,,,
157,27-Oct-2024,Sand,1,Load,N/A,N/A,0.00,,,,,
158,27-Oct-2024,Sand,1,Load,N/A,N/A,0.00,,,,,
159,27-Oct-2024,Sand,1,Load,N/A,N/A,0.00,,,,,
160,27-Oct-2024,Sand,1,Load,N/A,N/A,0.00,,,,,
161,27-Oct-2024,Sand,1,Load,N/A,N/A,0.00,,,,,
162,27-Oct-2024,Sand,1,Load,N/A,N/A,0.00,,,,,
163,27-Oct-2024,Sand,1,Load,N/A,N/A,0.00,,,,,
164,27-Oct-2024,Sand,1,Load,N/A,N/A,0.00,,,,,
165,27-Oct-2024,Sand,1,Load,N/A,N/A,0.00,,,,,
166,28-Oct-2024,Sand,1,Load,N/A,N/A,0.00,,,,,
167,28-Oct-2024,Sand,1,Load,N/A,N/A,0.00,,,,,
168,28-Oct-2024,Sand,1,Load,N/A,N/A,0.00,,,,,
169,28-Oct-2024,Sub-base,1,Ton,N/A,N/A,28.00,,,,,
170,28-Oct-2024,Sub-base,1,Ton,N/A,N/A,28.00,,,,,
171,28-Oct-2024,Sand,1,Load,N/A,N/A,0.00,,,,,
172,28-Oct-2024,Sand,1,Load,N/A,N/A,0.00,,,,,
173,28-Oct-2024,Sand,1,Load,N/A,N/A,0.00,,,,,
174,28-Oct-2024,Sand,1,Load,N/A,N/A,0.00,,,,,
175,28-Oct-2024,Sand,1,Load,N/A,N/A,0.00,,,,,
176,28-Oct-2024,Sand,1,Load,N/A,N/A,0.00,,,,,
177,28-Oct-2024,Sand,1,Load,N/A,N/A,0.00,,,,,
178,28-Oct-2024,Sand,1,Load,N/A,N/A,0.00,,,,,
179,28-Oct-2024,Sub-base,1,Ton,N/A,N/A,28.00,,,,,
180,28-Oct-2024,Sub-base,1,Ton,N/A,N/A,28.00,,,,,
181,29-Oct-2024,Sand,1,Load,N/A,N/A,0.00,,,,,
182,29-Oct-2024,Sand,1,Load,N/A,N/A,0.00,,,,,
183,29-Oct-2024,Sand,1,Load,N/A,N/A,0.00,,,,,
184,29-Oct-2024,Sub-base,1,Ton,N/A,N/A,28.00,,,,,
185,29-Oct-2024,Sand,1,Load,N/A,N/A,0.00,,,,,
186,29-Oct-2024,Sand,1,Load,N/A,N/A,0.00,,,,,
187,29-Oct-2024,Sand,1,Load,N/A,N/A,0.00,,,,,
188,29-Oct-2024,Sand,1,Load,N/A,N/A,0.00,,,,,
189,29-Oct-2024,Sand,1,Load,N/A,N/A,0.00,,,,,
190,29-Oct-2024,Sand,1,Load,N/A,N/A,0.00,,,,,
191,29-Oct-2024,Sub-base,1,Ton,N/A,N/A,28.00,,,,,
192,29-Oct-2024,Sand,1,Load,N/A,N/A,0.00,,,,,
193,29-Oct-2024,Sand,1,Load,N/A,N/A,0.00,,,,,
194,29-Oct-2024,Sand,1,Load,N/A,N/A,0.00,,,,,
195,29-Oct-2024,Sand,1,Load,N/A,N/A,0.00,,,,,
196,29-Oct-2024,Sand,1,Load,N/A,N/A,0.00,,,,,
197,29-Oct-2024,Sand,1,Load,N/A,N/A,0.00,,,,,
198,29-Oct-2024,Sand,1,Load,N/A,N/A,0.00,,,,,
199,29-Oct-2024,Sand,1,Load,N/A,N/A,0.00,,,,,
200,29-Oct-2024,Sand,1,Load,N/A,N/A,0.00,,,,,
201,29-Oct-2024,Sand,1,Load,N/A,N/A,0.00,,,,,
202,29-Oct-2024,Sub-base,1,Ton,N/A,N/A,28.00,,,,,
203,30-Oct-2024,Sand,1,Load,N/A,N/A,0.00,,,,,
204,30-Oct-2024,Sand,1,Load,N/A,N/A,0.00,,,,,
205,30-Oct-2024,Sand,1,Load,N/A,N/A,0.00,,,,,
206,30-Oct-2024,Sand,1,Load,N/A,N/A,0.00,,,,,
207,30-Oct-2024,Sand,1,Load,N/A,N/A,0.00,,,,,
208,30-Oct-2024,Sand,1,Load,N/A,N/A,0.00,,,,,
209,30-Oct-2024,Sand,1,Load,N/A,N/A,0.00,,,,,
210,30-Oct-2024,Sand,1,Load,N/A,N/A,0.00,,,,,
211,30-Oct-2024,Sand,1,Load,N/A,N/A,0.00,,,,,
212,30-Oct-2024,Sand,1,Load,N/A,N/A,0.00,,,,,
213,30-Oct-2024,Sand,1,Load,N/A,N/A,0.00,,,,,
214,30-Oct-2024,Sand,1,Load,N/A,N/A,0.00,,,,,
215,30-Oct-2024,Sand,1,Load,N/A,N/A,0.00,,,,,
216,30-Oct-2024,Sand,1,Load,N/A,N/A,0.00,,,,,
217,30-Oct-2024,Sand,1,Load,N/A,N/A,0.00,,,,,
218,30-Oct-2024,Sand,1,Load,N/A,N/A,0.00,,,,,
219,30-Oct-2024,Sand,1,Load,N/A,N/A,0.00,,,,,
220,30-Oct-2024,Sand,1,Load,N/A,N/A,0.00,,,,,
221,30-Oct-2024,Sand,1,Load,N/A,N/A,0.00,,,,,
222,31-Oct-2024,Sand,1,Load,N/A,N/A,0.00,,,,,
223,31-Oct-2024,Sand,1,Load,N/A,N/A,0.00,,,,,
224,31-Oct-2024,Sand,1,Load,N/A,N/A,0.00,,,,,
225,31-Oct-2024,Sand,1,Load,N/A,N/A,0.00,,,,,
226,31-Oct-2024,Sand,1,Load,N/A,N/A,0.00,,,,,
227,31-Oct-2024,Sand,1,Load,N/A,N/A,0.00,,,,,
228,31-Oct-2024,Sand,1,Load,N/A,N/A,0.00,,,,,
229,31-Oct-2024,Sand,1,Load,N/A,N/A,0.00,,,,,
230,31-Oct-2024,Sand,1,Load,N/A,N/A,0.00,,,,,
231,4-Nov-2024,Sand,1,Load,N/A,N/A,39.35,,,,,
232,4-Nov-2024,Sand,1,Load,N/A,N/A,39.35,,,,,
233,4-Nov-2024,Sand,1,Load,N/A,N/A,39.35,,,,,
234,4-Nov-2024,Sand,1,Load,N/A,N/A,39.35,,,,,
235,4-Nov-2024,Sand,1,Load,N/A,N/A,39.35,,,,,
236,4-Nov-2024,Sand,1,Load,N/A,N/A,39.35,,,,,
237,4-Nov-2024,Sand,1,Load,N/A,N/A,39.35,,,,,
238,4-Nov-2024,Sand,1,Load,N/A,N/A,39.35,,,,,
239,4-Nov-2024,Sand,1,Load,N/A,N/A,39.35,,,,,
240,4-Nov-2024,Sand,1,Load,N/A,N/A,39.35,,,,,
241,4-Nov-2024,Sand,1,Load,N/A,N/A,39.35,,,,,
242,4-Nov-2024,Sand,1,Load,N/A,N/A,39.35,,,,,
243,4-Nov-2024,Sand,1,Load,N/A,N/A,39.35,,,,,
244,4-Nov-2024,Sand,1,Load,N/A,N/A,39.35,,,,,
245,4-Nov-2024,Sand,1,Load,N/A,N/A,39.35,,,,,
246,4-Nov-2024,Sand,1,Load,N/A,N/A,39.35,,,,,
247,4-Nov-2024,Sand,1,Load,N/A,N/A,39.35,,,,,
248,4-Nov-2024,Sand,1,Load,N/A,N/A,39.35,,,,,
249,4-Nov-2024,Sand,1,Load,N/A,N/A,39.35,,,,,
250,4-Nov-2024,Sand,1,Load,N/A,N/A,39.35,,,,,
251,4-Nov-2024,Sand,1,Load,N/A,N/A,39.35,,,,,
252,4-Nov-2024,Sand,1,Load,N/A,N/A,39.35,,,,,
253,4-Nov-2024,Sand,1,Load,N/A,N/A,39.35,,,,,
254,4-Nov-2024,Sub-base,1,Load,N/A,N/A,38.00,,,,,
255,6-Nov-2024,Sand,41,Ton,N/A,N/A,"1,260.00",,,,,
256,6-Nov-2024,Sub-base,5,Ton,N/A,N/A,216.00,,,,,
257,7-Nov-2024,Sand,17,Ton,N/A,N/A,612.00,,,,,
258,7-Nov-2024,Sub-base,6,Ton,N/A,N/A,216.00,,,,,
259,8-Nov-2024,Sand,18,Ton,N/A,N/A,648.00,,,,,
259,9-Nov-2024,Sand,28,Ton,N/A,N/A,936.00,,,,,
260,10-Nov-2024,Sand,83,Ton,N/A,N/A,"2,695.00",,,,,
261,10-Nov-2024,Sub-base,7,Ton,N/A,N/A,324.00,,,,,
262,11-Nov-2024,Sub-base,2,Ton,N/A,N/A,"1,400.00",,,,,
263,11-Nov-2024,Sand,43,Ton,N/A,N/A,180.00,,,,,
264,12-Nov-2024,Sub-base,12,Ton,N/A,N/A,432.00,,,,,
265,12-Nov-2024,Sand,49,Ton,N/A,N/A,"1,764.00",,,,,
264,13-Nov-2024,Sand,63,Ton,N/A,N/A,"2,142.00",,,,,
265,13-Nov-2024,Sub-base,7,Ton,N/A,N/A,252.00,,,,,
266,14-Nov-2024,Sand,48,Ton,N/A,N/A,"1,548.00",,,,,
267,14-Nov-2024,Sub-base,6,Ton,N/A,N/A,250.00,,,,,
268,15-Nov-2024,Sub-base,3,Ton,N/A,N/A,900.00,,,,,
269,15-Nov-2024,Sand,51,Ton,N/A,N/A,"2,052.00",,,,,
270,16-Nov-2024,Sub-base,25,Ton,N/A,N/A,900.00,,,,,
271,16-Nov-2024,Oversize,1,Ton,N/A,N/A,36.00,,,,,
272,16-Nov-2024,Sand,63,Ton,N/A,N/A,"2,268.00",,,,,
273,17-Nov-2024,Sand,55,Ton,N/A,N/A,"2,052.00",,,,,
274,17-Nov-2024,Sub-base,11,Ton,N/A,N/A,900.00,,,,,
275,17-Nov-2024,Oversize,5,Ton,N/A,N/A,36.00,,,,,
276,18-Nov-2024,Oversize,8,Ton,N/A,N/A,288.00,,,,,
277,18-Nov-2024,Sand,52,Ton,N/A,N/A,"1,728.00",,,,,
278,18-Nov-2024,Sub-base,17,Ton,N/A,N/A,684.00,,,,,
279,19-Nov-2024,Sub-base,14,Ton,N/A,N/A,504.00,,,,,
280,19-Nov-2024,Oversize,2,Ton,N/A,N/A,72.00,,,,,
281,19-Nov-2024,Sand,77,Ton,N/A,N/A,"2,628.00",,,,,
282,20-Nov-2024,Sand,58,Ton,N/A,N/A,"2,088.00",,,,,
283,20-Nov-2024,Sub-base,5,Ton,N/A,N/A,180.00,,,,,
284,20-Nov-2024,Oversize,2,Ton,N/A,N/A,72.00,,,,,
285,21-Nov-2024,Sand,76,Ton,N/A,N/A,"1,512.00",,,,,
286,21-Nov-2024,Sub-base,6,Ton,N/A,N/A,216.00,,,,,
287,21-Nov-2024,Oversize,13,Ton,N/A,N/A,468.00,,,,,
288,22-Nov-2024,Oversize,13,Ton,N/A,N/A,"2,592.00",,,,,
289,22-Nov-2024,Sand,44,Ton,N/A,N/A,"4,680.00",,,,,
290,22-Nov-2024,Sub-base,6,Ton,N/A,N/A,684.00,,,,,
291,23-Nov-2024,Oversize,25,Ton,N/A,N/A,650.00,,,,,
292,24-Nov-2024,Oversize,72,Ton,N/A,N/A,"1,872.00",,,,,
293,25-Nov-2024,Oversize,30,Ton,N/A,N/A,780.00,,,,,
294,26-Nov-2024,Oversize,5,Ton,N/A,N/A,130.00,,,,,
295,30-Nov-2024,Oversize,7,Ton,N/A,N/A,182.00,,,,,
296,23-Nov-2024,Sub-base,12,Ton,N/A,N/A,336.00,,,,,
297,24-Nov-2024,Sub-base,19,Ton,N/A,N/A,532.00,,,,,
298,25-Nov-2024,Sub-base,14,Ton,N/A,N/A,392.00,,,,,
299,26-Nov-2024,Sub-base,8,Ton,N/A,N/A,224.00,,,,,
300,27-Nov-2024,Sub-base,12,Ton,N/A,N/A,336.00,,,,,
301,28-Nov-2024,Sub-base,2,Ton,N/A,N/A,72.00,,,,,
302,29-Nov-2024,Sub-base,6,Ton,N/A,N/A,216.00,,,,,
303,30-Nov-2024,Sub-base,4,Ton,N/A,N/A,144.00,,,,,
304,23-Nov-2024,Sand,133,Ton,N/A,N/A,"3,724.00",,,,,
305,24-Nov-2024,Sand,142,Ton,N/A,N/A,"4,004.00",,,,,
306,25-Nov-2024,Sand,94,Ton,N/A,N/A,"2,632.00",,,,,
307,26-Nov-2024,Sand,86,Ton,N/A,N/A,"2,408.00",,,,,
308,27-Nov-2024,Sand,103,Ton,N/A,N/A,"2,884.00",,,,,
309,28-Nov-2024,Sand,13,Ton,N/A,N/A,369.00,,,,,
310,29-Nov-2024,Sand,44,Ton,N/A,N/A,"1,584.00",,,,,
311,30-Nov-2024,Sand,69,Ton,N/A,N/A,"2,484.00",,,,,
312,28-Nov-2024,Sub-base,2,Ton,N/A,N/A,72.00,,,,,
313,29-Nov-2024,Oversize,5,Ton,N/A,N/A,130.00,,,,,
314,1-Dec-2024,Sand,51,Ton,N/A,N/A,"1,836.00",,,,,
315,1-Dec-2024,Sub-base,9,Ton,N/A,N/A,324.00,,,,,
316,2-Dec-2024,Sub-base,7,Ton,N/A,N/A,252.00,,,,,
317,2-Dec-2024,Sand,61,Ton,N/A,N/A,"2,196.00",,,,,
318,3-Dec-2024,Sand,92,Ton,N/A,N/A,"3,312.00",,,,,
319,3-Dec-2024,Sub-base,7,Ton,N/A,N/A,252.00,,,,,
320,4-Dec-2024,Sand,104,Ton,N/A,N/A,"3,744.00",,,,,
321,4-Dec-2024,Sub-base,3,Ton,N/A,N/A,108.00,,,,,
322,5-Dec-2024,Sand,51,Ton,N/A,N/A,"1,836.00",,,,,
323,5-Dec-2024,Sub-base,2,Ton,N/A,N/A,72.00,,,,,
324,6-Dec-2024,Sand,63,Ton,N/A,N/A,"2,268.00",,,,,
325,6-Dec-2024,Sub-base,3,Ton,N/A,N/A,108.00,,,,,
326,7-Dec-2024,Sand,113,Ton,N/A,N/A,"4,068.00",,,,,
327,7-Dec-2024,Sub-base,4,Ton,N/A,N/A,144.00,,,,,
328,8-Dec-2024,Sand,114,Ton,N/A,N/A,"3,708.00",,,,,
329,8-Dec-2024,Sub-base,3,Ton,N/A,N/A,108.00,,,,,
330,9-Dec-2024,Sand,77,Ton,N/A,N/A,"2,772.00",,,,,
331,9-Dec-2024,Sub-base,8,Ton,N/A,N/A,288.00,,,,,
332,10-Dec-2024,Sand,78,Ton,N/A,N/A,"2,808.00",,,,,
333,10-Dec-2024,Sub-base,4,Ton,N/A,N/A,144.00,,,,,
332,11-Dec-2024,Sand,66,Ton,N/A,N/A,"2,376.00",,,,,
333,12-Dec-2024,Sand,26,Ton,N/A,N/A,792.00,,,,,
334,13-Dec-2024,Sand,68,Ton,N/A,N/A,"2,448.00",,,,,
333,13-Dec-2024,Sub-base,2,Ton,N/A,N/A,72.00,,,,,
334,14-Dec-2024,Sub-base,8,Ton,N/A,N/A,288.00,,,,,
335,14-Dec-2024,Sand,144,Ton,N/A,N/A,"1,944.00",,,,,
334,14-Dec-2024,Oversize,1,Ton,N/A,N/A,36.00,,,,,
335,15-Dec-2024,Sub-base,5,Ton,N/A,N/A,180.00,,,,,
336,15-Dec-2024,Sand,122,Ton,N/A,N/A,"4,032.00",,,,,
335,16-Dec-2024,Sub-base,4,Ton,N/A,N/A,144.00,,,,,
336,16-Dec-2024,Sand,63,Ton,N/A,N/A,"1,944.00",,,,,
337,16-Dec-2024,Oversize,1,Ton,N/A,N/A,36.00,,,,,
336,17-Dec-2024,Sub-base,2,Ton,N/A,N/A,72.00,,,,,
337,17-Dec-2024,Sand,53,Ton,N/A,N/A,"1,728.00",,,,,
338,18-Dec-2024,Sub-base,5,Ton,N/A,N/A,180.00,,,,,
337,18-Dec-2024,Sand,86,Ton,N/A,N/A,"2,595.00",,,,,
338,19-Dec-2024,Sub-base,4,Ton,N/A,N/A,180.00,,,,,
339,19-Dec-2024,Sand,33,Ton,N/A,N/A,"2,595.00",,,,,
338,20-Dec-2024,Sub-base,6,Ton,N/A,N/A,216.00,,,,,
339,20-Dec-2024,Sand,64,Ton,N/A,N/A,"2,304.00",,,,,
340,21-Dec-2024,Sub-base,23,Ton,N/A,N/A,820.00,,,,,
339,21-Dec-2024,Sand,120,Ton,N/A,N/A,"3,816.00",,,,,
341,22-Dec-2024,Sub-base,46,Ton,N/A,N/A,"1,656.00",,,,,
340,22-Dec-2024,Sand,95,Ton,N/A,N/A,"3,024.00",,,,,
342,22-Dec-2024,Oversize,7,Ton,N/A,N/A,288.00,,,,,
341,23-Dec-2024,Sub-base,55,Ton,N/A,N/A,"1,696.00",,,,,
343,23-Dec-2024,Sand,127,Ton,N/A,N/A,"4,284.00",,,,,
342,24-Dec-2024,Sub-base,24,Ton,N/A,N/A,756.00,,,,,
344,24-Dec-2024,Sand,72,Ton,N/A,N/A,"2,412.00",,,,,
343,24-Dec-2024,Oversize,25,Ton,N/A,N/A,900.00,,,,,
345,24-Dec-2024,A1A,1,Ton,N/A,N/A,40.00,,,,,
344,24-Dec-2024,Cleaning Powder,2,Ton,N/A,N/A,80.00,,,,,
346,25-Dec-2024,Sub-base,19,Ton,N/A,N/A,540.00,,,,,
345,25-Dec-2024,Sand,105,Ton,N/A,N/A,"3,096.00",,,,,
347,25-Dec-2024,Oversize,6,Ton,N/A,N/A,216.00,,,,,
346,26-Dec-2024,Sand,42,Ton,N/A,N/A,"1,020.00",,,,,
348,26-Dec-2024,Sub-base,12,Ton,N/A,N/A,270.00,,,,,
347,27-Dec-2024,Sand,46,Ton,N/A,N/A,"1,840.00",,,,,
349,27-Dec-2024,Sub-base,3,Ton,N/A,N/A,120.00,,,,,
350,27-Dec-2024,Oversize,4,Ton,N/A,N/A,160.00,,,,,
351,27-Dec-2024,A1A,2,Ton,N/A,N/A,80.00,,,,,
352,28-Dec-2024,Sand,97,Ton,N/A,N/A,"2,100.00",,,,,
353,28-Dec-2024,Oversize,2,Ton,N/A,N/A,46.00,,,,,
354,28-Dec-2024,A1A,3,Ton,N/A,N/A,120.00,,,,,
355,28-Dec-2024,Sub-base,16,Ton,N/A,N/A,384.00,,,,,
356,28-Dec-2024,Cleaning Powder,15,Ton,N/A,N/A,600.00,,,,,
357,29-Dec-2024,Sub-base,9,Ton,N/A,N/A,207.00,,,,,
358,29-Dec-2024,Sand,57,Ton,N/A,N/A,"1,075.00",,,,,
359,29-Dec-2024,Oversize,8,Ton,N/A,N/A,190.00,,,,,
360,29-Dec-2024,Cleaning Powder,12,Ton,N/A,N/A,480.00,,,,,
361,29-Dec-2024,A1A,13,Ton,N/A,N/A,520.00,,,,,
360,30-Dec-2024,Sub-base,2,Ton,N/A,N/A,264.00,,,,,
361,30-Dec-2024,Sand,91,Ton,N/A,N/A,"1,800.00",,,,,
362,30-Dec-2024,A1A,5,Ton,N/A,N/A,200.00,,,,,
363,30-Dec-2024,Cleaning Powder,8,Ton,N/A,N/A,320.00,,,,,
364,30-Dec-2024,Oversize,4,Ton,N/A,N/A,253.00,,,,,
365,31-Dec-2024,Cleaning Powder,17,Ton,N/A,N/A,468.00,,,,,
366,31-Dec-2024,Sand,48,Ton,N/A,N/A,"1,690.00",,,,,
367,1-Jan-2025,Sand,68,Ton,N/A,N/A,"1,860.00",,,,,
368,1-Jan-2025,Sub-base,19,Ton,N/A,N/A,570.00,,,,,
369,2-Jan-2025,Sub-base,23,Ton,N/A,N/A,125.00,,,,,
370,2-Jan-2025,Sand,28,Ton,N/A,N/A,650.00,,,,,
371,3-Jan-2025,Sand,31,,,,,,,,,
372,3-Jan-2025,Sub-base,6,,,,,,,,,
373,4-Jan-2025,Sub-base,33,Ton,N/A,N/A,50.00,,,,,
374,4-Jan-2025,Sand,61,Ton,N/A,N/A,"1,125.00",,,,,
375,4-Jan-2025,Oversize,-,Ton,N/A,N/A,250.00,,,,,
376,5-Jan-2025,Sub-base,24,Ton,N/A,N/A,50.00,,,,,
377,5-Jan-2025,Sand,45,Ton,N/A,N/A,"1,125.00",,,,,
378,5-Jan-2025,Oversize,-,Ton,N/A,N/A,250.00,,,,,
379,6-Jan-2025,Sand,5,Ton,N/A,N/A,75.00,,,,,
380,6-Jan-2025,Sub-base,3,Ton,N/A,,,,,,,
380,7-Jan-2025,Sand,36,Ton,N/A,N/A,900.00,,,,,
381,7-Jan-2025,Sub-base,18,Ton,N/A,N/A,250.00,,,,,
382,7-Jan-2025,Oversize,-,Ton,N/A,N/A,25.00,,,,,
383,8-Jan-2025,Sand,27,Ton,N/A,N/A,650.00,,,,,
384,8-Jan-2025,Sub-base,15,Ton,N/A,N/A,125.00,,,,,
385,9-Jan-2025,Sand,10,Ton,N/A,N/A,225.00,,,,,
386,9-Jan-2025,Sub-base,15,Ton,N/A,N/A,100.00,,,,,
387,11-Jan-2025,Sand,43,Ton,N/A,N/A,"1,000.00",,,,,
388,11-Jan-2025,Sub-base,10,Ton,N/A,N/A,125.00,,,,,
389,11-Jan-2025,Oversize,-,Ton,N/A,N/A,100.00,,,,,
390,12-Jan-2025,Sand,44,Ton,N/A,N/A,"1,100.00",,,,,
391,12-Jan-2025,Sub-base,3,Ton,N/A,N/A,150.00,,,,,
392,13-Jan-2025,Sand,43,Ton,N/A,N/A,"1,050.00",,,,,
393,13-Jan-2025,Sub-base,18,Ton,N/A,N/A,100.00,,,,,
394,14-Jan-2025,Sand,42,Ton,N/A,N/A,"1,000.00",,,,,
395,14-Jan-2025,Sub-base,13,Ton,N/A,N/A,100.00,,,,,
396,21-Jan-2025,Sub-base,1,Ton,N/A,N/A,36.00,,,,,
397,21-Jan-2025,Sub-base,1,Ton,N/A,N/A,36.00,,,,,
398,23-Jan-2025,Sub-base,1,Ton,N/A,N/A,36.00,,,,,
399,23-Jan-2025,Sub-base,1,Ton,N/A,N/A,36.00,,,,,
400,24-Jan-2025,Sub-base,1,Ton,N/A,N/A,36.00,,,,,
401,24-Jan-2025,Sub-base,1,Ton,N/A,N/A,36.00,,,,,
402,25-Jan-2025,Sub-base,1,Ton,N/A,N/A,36.00,,,,,
403,25-Jan-2025,Sub-base,1,Ton,N/A,N/A,36.00,,,,,
404,26-Jan-2025,Sub-base,1,Ton,N/A,N/A,36.00,,,,,
405,26-Jan-2025,Sub-base,1,Ton,N/A,N/A,36.00,,,,Filter ,oversize
406,27-Jan-2025,Sub-base,1,Ton,N/A,N/A,36.00,,,,,
407,27-Jan-2025,Sub-base,1,Ton,N/A,N/A,36.00,,,,,
408,27-Jan-2025,Sub-base,1,Ton,N/A,N/A,36.00,,,,,
409,30-Jan-2025,Sub-base,1,Ton,N/A,N/A,36.00,,,,,
410,25-Feb-2025,sand,2,Ton,N/A,N/A,46.30,,,,,
411,26-Feb-2025,sub-grade,2,Ton,N/A,N/A,121.00,,,,,
412,26-Feb-2025,Sand,9,Ton,N/A,N/A,242.74,,,,,
413,27-Feb-2025,sand,4,Ton,N/A,N/A,122.94,,,,,
414,27-Feb-2025,sub-base,2,Ton,N/A,N/A,57.00,,,,,
415,27-Feb-2025,Sub-grade,1,Ton,N/A,N/A,56.56,,,,,
416,28-Feb-2025,sand,4,Ton,N/A,N/A,116.74,,,,,
417,28-Feb-2025,sub-base,1,Ton,N/A,N/A,88.00,,,,,
418,28-Feb-2025,"3/4""",1,Ton,N/A,N/A,49.00,,,,,
419,28-Feb-2025,Powder,2,Ton,N/A,N/A,97.04,,,,,
420,28-Feb-2025,sub-grade,8,Ton,N/A,N/A,422.02,,,,,
421,1-Mar-2025,Powder,-,Ton,N/A,N/A,47.98,,,,,
422,1-Mar-2025,Sand,-,Ton,N/A,N/A,79.68,,,,,
423,2-Mar-2025,Sub-base,-,Ton,N/A,N/A,97.38,,,,,
424,3-Mar-2025,Sub-base,3,Ton,N/A,N/A,89.73,,,,,
425,3-Mar-2025,Sand,1,Ton,N/A,N/A,29.60,,,,,
426,3-Mar-2025,"1/2""",1,Ton,N/A,N/A,49.86,,,,,
427,4-Mar-2025,"3/4""",2,Ton,N/A,N/A,90.10,,,,,
428,4-Mar-2025,Sand,10,Ton,N/A,N/A,232.01,,,,,
429,4-Mar-2025,Sub-base,1,Ton,N/A,N/A,30.00,,,,,
430,5-Mar-2025,"3/4""",2,Ton,N/A,N/A,80.74,,,,,
431,5-Mar-2025,Powder,1,Ton,N/A,N/A,30.00,,,,,
432,5-Mar-2025,Oversize,1,Ton,N/A,N/A,21.74,,,,,
433,5-Mar-2025,Sand,2,Ton,N/A,N/A,54.90,,,,,
434,5-Mar-2025,Sub-base,1,Ton,N/A,N/A,31.00,,,,,
435,6-Mar-2025,"1/2""",1,Ton,N/A,N/A,44.96,,,,,
436,6-Mar-2025,Sub-base,1,Ton,N/A,N/A,27.20,,,,,
437,7-Mar-2025,Powder,1,Ton,N/A,N/A,46.06,,,,,
438,7-Mar-2025,Sand,1,Ton,N/A,N/A,43.50,,,,,
439,8-Mar-2025,Powder,1,Ton,N/A,N/A,30.20,,,,,
440,8-Mar-2025,Sand,8,Ton,N/A,N/A,314.26,,,,,
441,8-Mar-2025,Sub-base,1,Ton,N/A,N/A,31.30,,,,,
442,9-Mar-2025,"Zero-3/16""",2,Ton,N/A,N/A,98.66,,,,,
443,9-Mar-2025,Sand,6,Ton,N/A,N/A,216.84,,,,,
444,9-Mar-2025,sub-base,1,Ton,N/A,N/A,30.62,,,,,
445,10-Mar-2025,"Zero-3/16""",1,Ton,N/A,N/A,49.16,,,,,
446,10-Mar-2025,"3/4""",1,Ton,N/A,N/A,44.00,,,,,
447,10-Mar-2025,Oversize,1,Ton,N/A,N/A,54.26,,,,,
448,10-Mar-2025,Powder,2,Ton,N/A,N/A,61.21,,,,,
449,10-Mar-2025,Sand,3,Ton,N/A,N/A,105.74,,,,,
450,11-Mar-2025,Sand,1,Ton,N/A,N/A,29.20,,,,,
451,11-Mar-2025,"1/2""",1,Ton,N/A,N/A,51.82,,,,,
452,12-Mar-2025,Powder,4,Ton,N/A,N/A,123.68,,,,,
453,12-Mar-2025,Sand,1,Ton,N/A,N/A,24.20,,,,,
454,13-Mar-2025,Sand,2,Ton,N/A,N/A,54.16,,,,,
455,13-Mar-2025,"3/4""",2,Ton,N/A,N/A,85.08,,,,,
456,13-Mar-2025,Powder,3,Ton,N/A,N/A,84.80,,,,,
457,15-Mar-2025,Powder,3,Ton,N/A,N/A,95.40,,,,,
458,15-Mar-2025,sub-base,5,Ton,N/A,N/A,176.22,,,,,
459,15-Mar-2025,Sand,4,Ton,N/A,N/A,134.96,,,,,
460,15-Mar-2025,A1A,10,Ton,N/A,N/A,321.78,,,,,
461,14-Mar-2025,"1/2""",1,Ton,N/A,N/A,49.56,,,,,
462,16-Mar-2025,Sand,2,Ton,N/A,N/A,66.94,,,,,
463,16-Mar-2025,sub-base,7,Ton,N/A,N/A,212.92,,,,,
464,16-Mar-2025,A1A,11,Ton,N/A,N/A,370.84,,,,,
465,17-Mar-2025,Sand,3,Ton,N/A,N/A,108.20,,,,,
466,17-Mar-2025,Powder,5,Ton,N/A,N/A,211.04,,,,,
467,17-Mar-2025,Sub-base,2,Ton,N/A,N/A,58.76,,,,,
468,17-Mar-2025,A1A,8,Ton,N/A,N/A,262.64,,,,,
469,18-Mar-2025,sand,2,Ton,N/A,N/A,51.80,,,,,
470,18-Mar-2025,Powder,2,Ton,N/A,N/A,88.66,,,,,
471,18-Mar-2025,A1A,3,Ton,N/A,N/A,102.78,,,,,
472,19-Mar-2025,Sand,3,Ton,N/A,N/A,84.64,,,,,
473,19-Mar-2025,Powder,3,Ton,N/A,N/A,119.16,,,,,
474,19-Mar-2025,Sub-base,4,Ton,N/A,N/A,139.50,,,,,
475,20-Mar-2025,Oversize,1,Ton,N/A,N/A,40.22,,,,,
476,20-Mar-2025,Powder,3,Ton,N/A,N/A,142.64,,,,,
477,20-Mar-2025,Sand,1,Ton,N/A,N/A,29.52,,,,,
478,23-Mar-2025,Oversize,29,Ton,N/A,N/A,"1,031.96",,,,,
479,23-Mar-2025,Sub-base,3,Ton,N/A,N/A,98.28,,,,,
480,23-Mar-2025,Sand,4,Ton,N/A,N/A,115.92,,,,,
481,24-Mar-2025,Sand,4,Ton,N/A,N/A,138.20,,,,,
482,25-Mar-2025,Sand,6,Ton,N/A,N/A,173.20,,,,,
483,26-Mar-2025,Sand,12,Ton,N/A,N/A,302.02,,,,,
484,27-Mar-2025,Sand,7,Ton,N/A,N/A,184.16,,,,,
485,27-Mar-2025,Sub-base,2,Ton,N/A,N/A,63.50,,,,,
486,3-Apr-2025,sand,1,Ton,N/A,N/A,24.20,,,,,
487,3-Apr-2025,Sub-base,1,Ton,N/A,N/A,36.14,,,,,
488,5-Apr-2025,Sand,1,Ton,N/A,N/A,39.04,,,,,
489,5-Apr-2025,Sub-base,3,Ton,N/A,N/A,124.34,,,,,
490,6-Apr-2025,Sand,9,Ton,N/A,N/A,268.78,,,,,
491,6-Apr-2025,Sub-base,2,Ton,N/A,N/A,54.40,,,,,
492,6-Apr-2025,Aggregate,1,Ton,N/A,N/A,50.56,,,,,
493,7-Apr-2025,Sand,12,Ton,N/A,N/A,308.46,,,,,
494,7-Apr-2025,Sub-base,1,Ton,N/A,N/A,28.20,,,,,
495,8-Apr-2025,Sand,12,Ton,N/A,N/A,343.16,,,,,
496,8-Apr-2025,Sub-base,3,Ton,N/A,N/A,95.60,,,,,
497,8-Apr-2025,Oversize,1,Ton,N/A,N/A,34.72,,,,,
498,9-Apr-2025,Sand,11,Ton,N/A,N/A,297.60,,,,,
499,9-Apr-2025,Oversize,7,Ton,N/A,N/A,231.10,,,,,
500,10-Apr-2025,Sand,4,Ton,N/A,N/A,127.20,,,,,
501,10-Apr-2025,Oversize,4,Ton,N/A,N/A,135.20,,,,,
502,12-Apr-2025,Sand,3,Ton,N/A,N/A,101.04,,,,,
503,12-Apr-2025,Oversize,20,Ton,N/A,N/A,604.48,,,,,
504,13-Apr-2025,Sand,3,Ton,N/A,N/A,105.60,,,,,
505,13-Apr-2025,Sub-base,2,Ton,N/A,N/A,55.90,,,,,
506,13-Apr-2025,Oversize,38,Ton,N/A,N/A,"1,371.00",,,,,
507,14-Apr-2025,Sand,3,Ton,N/A,N/A,132.46,,,,,
508,14-Apr-2025,Sub-base,1,Ton,N/A,N/A,27.60,,,,,
509,14-Apr-2025,Oversize,41,Ton,N/A,N/A,"1,468.88",,,,,
510,15-Apr-2025,Sand,7,Ton,N/A,N/A,209.76,,,,,
511,15-Apr-2025,Sub-base,4,Ton,N/A,N/A,113.74,,,,,
512,15-Apr-2025,Oversize,1,Ton,N/A,N/A,32.86,,,,,
513,16-Apr-2025,Sand,5,Ton,N/A,N/A,140.00,,,,,
514,16-Apr-2025,Sub-base,2,Ton,N/A,N/A,61.46,,,,,
515,16-Apr-2025,Oversize,5,Ton,N/A,N/A,166.40,,,,,
516,17-Apr-2025,Sand,1,Ton,N/A,N/A,26.30,,,,,
517,17-Apr-2025,Sub-base,1,Ton,N/A,N/A,27.50,,,,,
518,17-Apr-2025,Oversize,12,Ton,N/A,N/A,387.72,,,,,
519,18-Apr-2025,Sub-base,4,Ton,N/A,N/A,109.90,,,,,
520,18-Apr-2025,Oversize,4,Ton,N/A,N/A,136.42,,,,,
521,19-Apr-2025,Sub-base,1,Ton,N/A,N/A,27.50,,,,,
522,19-Apr-2025,Oversize,7,Ton,N/A,N/A,223.44,,,,,
523,20-Apr-2025,Sand,1,Ton,N/A,N/A,25.48,,,,,
524,20-Apr-2025,Oversize,23,Ton,N/A,N/A,757.86,,,,,
525,21-Apr-2025,Sand,23,Ton,N/A,N/A,508.44,,,,,
526,21-Apr-2025,Sub-base,4,Ton,N/A,N/A,104.62,,,,,
527,21-Apr-2025,Oversize,25,Ton,N/A,N/A,767.24,,,,,
528,22-Apr-2025,Sand,28,Ton,N/A,N/A,672.96,,,,,
529,22-Apr-2025,Sub-base,8,Ton,N/A,N/A,206.88,,,,,
530,22-Apr-2025,Oversize,9,Ton,N/A,N/A,308.59,,,,,
531,23-Apr-2025,Sand,33,Ton,N/A,N/A,779.35,,,,,
532,23-Apr-2025,Sub-base,3,Ton,N/A,N/A,81.08,,,,,
533,23-Apr-2025,Oversize,10,Ton,N/A,N/A,350.80,,,,,
534,23-Apr-2025,Aggregate,1,Ton,N/A,N/A,24.75,,,,,
535,24-Apr-2025,Sand,21,Ton,N/A,N/A,518.47,,,,,
536,24-Apr-2025,Sub-base,9,Ton,N/A,N/A,229.26,,,,,
537,24-Apr-2025,Oversize,5,Ton,N/A,N/A,184.42,,,,,
538,25-Apr-2025,sub-base,8,Ton,N/A,N/A,191.84,,,,,
539,26-Apr-2025,Sand,15,Ton,N/A,N/A,353.17,,,,,
540,26-Apr-2025,Oversize,5,Ton,N/A,N/A,157.28,,,,,
541,26-Apr-2025,Aggregate,1,Ton,N/A,N/A,31.45,,,,,
542,27-Apr-2025,Sand,28,Ton,N/A,N/A,642.79,,,,,
543,27-Apr-2025,Oversize,7,Ton,N/A,N/A,251.82,,,,,
544,27-Apr-2025,sub-base,5,Ton,N/A,N/A,122.84,,,,,
545,28-Apr-2025,Sand,28,Ton,N/A,N/A,629.80,,,,,
546,28-Apr-2025,Oversize,6,Ton,N/A,N/A,199.72,,,,,
547,28-Apr-2025,sub-base,8,Ton,N/A,N/A,289.00,,,,,
548,29-Apr-2025,Sand,35,Ton,N/A,N/A,813.42,,,,,
549,29-Apr-2025,Oversize,7,Ton,N/A,N/A,224.18,,,,,
550,29-Apr-2025,sub-base,28,Ton,N/A,N/A,"1,045.72",,,,,
551,30-Apr-2025,Sand,35,Ton,N/A,N/A,799.21,,,,,
552,30-Apr-2025,Oversize,5,Ton,N/A,N/A,171.74,,,,,
553,30-Apr-2025,sub-base,28,Ton,N/A,N/A,"1,013.60",,,,,
554,1-May-2025,Sand,11,Ton,N/A,N/A,258.72,,,,,
555,1-May-2025,Oversize,9,Ton,N/A,N/A,277.48,,,,,
556,1-May-2025,sub-base,21,Ton,N/A,N/A,769.14,,,,,
557,2-May-2025,Sand,15,Ton,N/A,N/A,339.24,,,,,
558,3-May-2025,Sand,44,Ton,N/A,N/A,996.04,,,,,
559,3-May-2025,Oversize,23,Ton,N/A,N/A,696.84,,,,,
560,3-May-2025,sub-base,4,Ton,N/A,N/A,111.40,,,,,
561,4-May-2025,Oversize,14,Ton,N/A,N/A,484.62,,,,,
562,4-May-2025,sub-base,11,Ton,N/A,N/A,279.29,,,,,
563,4-May-2025,Sand,28,Ton,N/A,N/A,621.18,,,,,
564,5-May-2025,Oversize,11,Ton,N/A,N/A,388.48,,,,,
565,5-May-2025,Sand,31,Ton,N/A,N/A,694.97,,,,,
566,5-May-2025,sub-base,3,Ton,N/A,N/A,85.50,,,,,
567,6-May-2025,Oversize,16,Ton,N/A,N/A,560.02,,,,,
568,6-May-2025,Sand,29,Ton,N/A,N/A,617.06,,,,,
569,6-May-2025,sub-base,19,Ton,N/A,N/A,572.90,,,,,
570,7-May-2025,Oversize,15,Ton,N/A,N/A,468.94,,,,,
571,7-May-2025,Sand,29,Ton,N/A,N/A,626.32,,,,,
572,7-May-2025,sub-base,3,Ton,N/A,N/A,88.40,,,,,
573,8-May-2025,Oversize,16,Ton,N/A,N/A,348.73,,,,,
574,8-May-2025,Sand,17,Ton,N/A,N/A,382.48,,,,,
575,8-May-2025,sub-base,1,Ton,N/A,N/A,26.30,,,,,
576,10-May-2025,Oversize,37,Ton,N/A,N/A,"1,314.94",,,,,
577,10-May-2025,Sand,2,Ton,N/A,N/A,44.52,,,,,
578,10-May-2025,sub-base,13,Ton,N/A,N/A,355.56,,,,,
579,11-May-2025,sub-base,22,Ton,N/A,N/A,683.86,,,,,
580,11-May-2025,Sand,16,Ton,N/A,N/A,345.24,,,,,
581,12-May-2025,sub-base,8,Ton,N/A,N/A,276.90,,,,,
582,12-May-2025,Sand,17,Ton,N/A,N/A,364.62,,,,,
583,13-May-2025,sub-base,13,Ton,N/A,N/A,407.30,,,,,
584,13-May-2025,Sand,17,Ton,N/A,N/A,364.18,,,,,
585,14-May-2025,sub-base,16,Ton,N/A,N/A,515.38,,,,,
586,14-May-2025,Sand,17,Ton,N/A,N/A,393.88,,,,,
587,15-May-2025,sub-base,9,Ton,N/A,N/A,295.46,,,,,
588,15-May-2025,Sand,11,Ton,N/A,N/A,255.22,,,,,
589,17-May-2025,sub-base,32,Ton,N/A,N/A,961.46,,,,,
590,17-May-2025,Sand,22,Ton,N/A,N/A,525.28,,,,,
591,18-May-2025,sub-base,14,Ton,N/A,N/A,367.54,,,,,
592,18-May-2025,Sand,42,Ton,N/A,N/A,965.00,,,,,
593,19-May-2025,sub-base,16,Ton,N/A,N/A,416.50,,,,,
594,19-May-2025,Sand,34,Ton,N/A,N/A,753.13,,,,,
595,19-May-2025,Powder,1,Ton,N/A,N/A,27.20,,,,,
596,20-May-2025,sub-base,21,Ton,N/A,N/A,677.72,,,,,
597,20-May-2025,Sand,44,Ton,N/A,N/A,987.82,,,,,
598,21-May-2025,"3/4""",1,Ton,N/A,N/A,11.38,,,,,
599,21-May-2025,sub-base,20,Ton,N/A,N/A,636.41,,,,,
600,21-May-2025,Sand,27,Ton,N/A,N/A,616.82,,,,,
601,22-May-2025,"3/8""",1,Ton,N/A,N/A,30.11,,,,,
602,22-May-2025,sub-base,11,Ton,N/A,N/A,332.74,,,,,
603,22-May-2025,Sand,5,Ton,N/A,N/A,119.96,,,,,
604,23-May-2025,"3/4""",1,Ton,N/A,N/A,23.08,,,,,
605,23-May-2025,sub-base,1,Ton,N/A,N/A,28.10,,,,,
606,23-May-2025,Sand,8,Ton,N/A,N/A,174.72,,,,,
607,23-May-2025,Powder,4,Ton,N/A,N/A,108.35,,,,,
608,24-May-2025,"3/4""",1,Ton,N/A,N/A,18.62,,,,,
609,24-May-2025,sub-base,55,Ton,N/A,N/A,"1,755.36",,,,,
610,24-May-2025,Sand,27,Ton,N/A,N/A,625.74,,,,,
611,25-May-2025,"3/4""",1,Ton,N/A,N/A,29.24,,,,,
612,25-May-2025,sub-base,34,Ton,N/A,N/A,"1,146.08",,,,,
613,25-May-2025,Sand,26,Ton,N/A,N/A,599.96,,,,,
614,26-May-2025,"3/4""",1,Ton,N/A,N/A,7.72,,,,,
615,26-May-2025,sub-base,36,Ton,N/A,N/A,"1,178.53",,,,,
616,26-May-2025,Sand,25,Ton,N/A,N/A,570.04,,,,,
617,27-May-2025,sub-base,34,Ton,N/A,N/A,"1,075.56",,,,,
618,27-May-2025,Sand,23,Ton,N/A,N/A,533.01,,,,,
619,28-May-2025,"3/4""",1,Ton,N/A,N/A,38.50,,,,,
620,28-May-2025,sub-base,33,Ton,N/A,N/A,"1,013.05",,,,,
621,28-May-2025,Sand,42,Ton,N/A,N/A,993.98,,,,,
622,28-May-2025,Powder,5,Ton,N/A,N/A,195.79,,,,,
623,29-May-2025,sub-base,28,Ton,N/A,N/A,830.18,,,,,
624,29-May-2025,Sand,16,Ton,N/A,N/A,391.23,,,,,
625,29-May-2025,Powder,4,Ton,N/A,N/A,172.40,,,,,
626,30-May-2025,"3/4""",2,Ton,N/A,N/A,48.67,,,,,
627,30-May-2025,sub-base,2,Ton,N/A,N/A,58.86,,,,,
628,30-May-2025,Sand,6,Ton,N/A,N/A,143.21,,,,,
629,31-May-2025,"3/4""",3,Ton,N/A,N/A,74.26,,,,,
630,31-May-2025,sub-base,51,Ton,N/A,N/A,"1,621.64",,,,,
631,31-May-2025,Sand,21,Ton,N/A,N/A,494.26,,,,,
632,31-May-2025,Powder,4,Ton,N/A,N/A,169.90,,,,,
633,1-Jun-2025,Oversize,22,Ton,N/A,N/A,773.92,,,,,
634,1-Jun-2025,Powder,2,Ton,N/A,N/A,85.10,,,,,
635,1-Jun-2025,Sand,16,Ton,N/A,N/A,387.01,,,,,
636,1-Jun-2025,sub-base,5,Ton,N/A,N/A,135.90,,,,,
637,1-Jun-2025,"3/4""",2,Ton,N/A,N/A,47.22,,,,,
638,2-Jun-2025,Oversize,4,Ton,N/A,N/A,146.60,,,,,
639,2-Jun-2025,"3/4""",2,Ton,N/A,N/A,49.55,,,,,
640,2-Jun-2025,Sand,40,Ton,N/A,N/A,903.78,,,,,
641,2-Jun-2025,sub-base,9,Ton,N/A,N/A,212.99,,,,,
642,3-Jun-2025,Oversize,14,Ton,N/A,N/A,481.60,,,,,
643,3-Jun-2025,"3/4""",1,Ton,N/A,N/A,14.10,,,,,
644,3-Jun-2025,Sand,27,Ton,N/A,N/A,625.93,,,,,
645,3-Jun-2025,sub-base,9,Ton,N/A,N/A,256.70,,,,,
646,4-Jun-2025,Oversize,18,Ton,N/A,N/A,622.04,,,,,
647,4-Jun-2025,Sand,42,Ton,N/A,N/A,931.97,,,,,
648,4-Jun-2025,sub-base,19,Ton,N/A,N/A,531.85,,,,,
649,5-Jun-2025,sand,3,Ton,N/A,N/A,66.70,,,,,
650,10-Jun-2025,Powder,1,Ton,N/A,N/A,42.10,,,,,
651,10-Jun-2025,Sand,14,Ton,N/A,N/A,318.45,,,,,
652,10-Jun-2025,sub-base,21,Ton,N/A,N/A,545.85,,,,,
653,10-Jun-2025,"3/4""",1,Ton,N/A,N/A,31.45,,,,,
654,10-Jun-2025,"3/8""",1,Ton,N/A,N/A,33.16,,,,,
655,10-Jun-2025,Oversize,18,Ton,N/A,N/A,612.06,,,,,
656,11-Jun-2025,"1/2""",1,Ton,N/A,N/A,33.98,,,,,
657,11-Jun-2025,0-5mm,5,Ton,N/A,N/A,218.62,,,,,
658,11-Jun-2025,Oversize,19,Ton,N/A,N/A,673.74,,,,,
659,11-Jun-2025,Sand,27,Ton,N/A,N/A,601.81,,,,,
660,11-Jun-2025,sub-base,24,Ton,N/A,N/A,614.71,,,,,
661,12-Jun-2025,"3/4""",6,Ton,N/A,N/A,200.52,,,,,
662,12-Jun-2025,"3/8""",5,Ton,N/A,N/A,158.20,,,,,
663,12-Jun-2025,sub-base,5,Ton,N/A,N/A,138.26,,,,,
664,12-Jun-2025,0-5mm,2,Ton,N/A,N/A,97.80,,,,,
665,12-Jun-2025,Sand,22,Ton,N/A,N/A,484.47,,,,,
666,13-Jun-2025,Powder,3,Ton,N/A,N/A,133.10,,,,,
667,13-Jun-2025,Sand,2,Ton,N/A,N/A,53.52,,,,,
668,14-Jun-2025,"3/4""",24,Ton,N/A,N/A,673.40,,,,,
669,14-Jun-2025,"3/8""",5,Ton,N/A,N/A,156.62,,,,,
670,14-Jun-2025,sub-base,13,Ton,N/A,N/A,412.39,,,,,
671,14-Jun-2025,0-5mm,9,Ton,N/A,N/A,460.13,,,,,
672,14-Jun-2025,Sand,26,Ton,N/A,N/A,589.33,,,,,
673,14-Jun-2025,Oversize,21,Ton,N/A,N/A,732.96,,,,,
674,15-Jun-2025,"3/4""",24,Ton,N/A,N/A,684.26,,,,,
675,15-Jun-2025,"3/8""",6,Ton,N/A,N/A,177.58,,,,,
676,15-Jun-2025,sub-base,32,Ton,N/A,N/A,"1,104.18",,,,,
677,15-Jun-2025,Sand,30,Ton,N/A,N/A,670.20,,,,,
678,15-Jun-2025,Oversize,9,Ton,N/A,N/A,317.94,,,,,
679,15-Jun-2025,Powder,7,Ton,N/A,N/A,385.88,,,,,
680,15-Jun-2025,0-5mm,8,Ton,N/A,N/A,406.91,,,,,
681,16-Jun-2025,"3/4""",6,Ton,N/A,N/A,180.46,,,,,
682,16-Jun-2025,"3/8""",4,Ton,N/A,N/A,125.46,,,,,
683,16-Jun-2025,sub-base,20,Ton,N/A,N/A,764.98,,,,,
684,16-Jun-2025,Sand,29,Ton,N/A,N/A,664.71,,,,,
685,16-Jun-2025,Oversize,11,Ton,N/A,N/A,392.92,,,,,
686,16-Jun-2025,Powder,5,Ton,N/A,N/A,273.01,,,,,
687,16-Jun-2025,0-5mm,7,Ton,N/A,N/A,373.84,,,,,
688,17-Jun-2025,"3/4""",9,Ton,N/A,N/A,276.17,,,,,
689,17-Jun-2025,"3/8""",3,Ton,N/A,N/A,94.70,,,,,
690,17-Jun-2025,Powder,6,Ton,N/A,N/A,329.40,,,,,
691,17-Jun-2025,Oversize,1,Ton,N/A,N/A,26.98,,,,,
692,17-Jun-2025,Sand,23,Ton,N/A,N/A,548.13,,,,,
693,17-Jun-2025,sub-base,44,Ton,N/A,N/A,"1,586.44",,,,,
694,17-Jun-2025,0-5mm,3,Ton,N/A,N/A,158.42,,,,,
695,18-Jun-2025,"1/2""",3,Ton,N/A,N/A,95.74,,,,,
696,18-Jun-2025,"3/4""",4,Ton,N/A,N/A,98.26,,,,,
697,18-Jun-2025,"3/8""",2,Ton,N/A,N/A,80.52,,,,,
698,18-Jun-2025,Powder,4,Ton,N/A,N/A,221.20,,,,,
699,18-Jun-2025,Oversize,6,Ton,N/A,N/A,188.50,,,,,
700,18-Jun-2025,Sand,30,Ton,N/A,N/A,694.85,,,,,
701,18-Jun-2025,sub-base,27,Ton,N/A,N/A,830.46,,,,,
702,18-Jun-2025,0-5mm,6,Ton,N/A,N/A,308.20,,,,,
703,19-Jun-2025,"1/2""",1,Ton,N/A,N/A,24.56,,,,,
704,19-Jun-2025,"3/4""",5,Ton,N/A,N/A,76.02,,,,,
705,19-Jun-2025,"3/8""",2,Ton,N/A,N/A,55.94,,,,,
706,19-Jun-2025,Powder,4,Ton,N/A,N/A,215.40,,,,,
707,19-Jun-2025,Oversize,4,Ton,N/A,N/A,127.78,,,,,
708,19-Jun-2025,Sand,13,Ton,N/A,N/A,297.73,,,,,
709,19-Jun-2025,sub-base,23,Ton,N/A,N/A,709.38,,,,,
710,19-Jun-2025,0-5mm,4,Ton,N/A,N/A,210.48,,,,,
711,20-Jun-2025,Sand,2,Ton,N/A,N/A,55.68,,,,,
712,20-Jun-2025,sub-base,1,Ton,N/A,N/A,31.86,,,,,
713,20-Jun-2025,0-5mm,1,Ton,N/A,N/A,54.30,,,,,
714,21-Jun-2025,"1/2""",N/A,Ton,N/A,N/A,24.10,,,,,
715,21-Jun-2025,"3/4""",N/A,Ton,N/A,N/A,255.36,,,,,
716,21-Jun-2025,"3/8""",N/A,Ton,N/A,N/A,142.14,,,,,
717,21-Jun-2025,Powder,N/A,Ton,N/A,N/A,436.93,,,,,
718,21-Jun-2025,Oversize,N/A,Ton,N/A,N/A,338.58,,,,,
719,21-Jun-2025,Sand,N/A,Ton,N/A,N/A,459.14,,,,,
720,21-Jun-2025,sub-base,N/A,Ton,N/A,N/A,"1,238.99",,,,,
721,21-Jun-2025,0-5mm,N/A,Ton,N/A,N/A,76.27,,,,,
722,21-Jun-2025,Sc1(0-38mm),N/A,Ton,N/A,N/A,60.22,,,,,
723,22-Jun-2025,"1/2""",N/A,Ton,N/A,N/A,69.72,,,,,
724,22-Jun-2025,"3/4""",N/A,Ton,N/A,N/A,180.22,,,,,
725,22-Jun-2025,"3/8""",N/A,Ton,N/A,N/A,149.58,,,,,
726,22-Jun-2025,Powder,N/A,Ton,N/A,N/A,364.1,,,,,
727,22-Jun-2025,Oversize,N/A,Ton,N/A,N/A,523.86,,,,,
728,22-Jun-2025,Sand,N/A,Ton,N/A,N/A,857.02,,,,,
729,22-Jun-2025,sub-base,N/A,Ton,N/A,N/A,90.20,,,,,
730,22-Jun-2025,0-5mm,N/A,Ton,N/A,N/A,236.26,,,,,
731,22-Jun-2025,Sc1(0-38mm),N/A,Ton,N/A,N/A,273.20,,,,,
732,22-Jun-2025,PIPE BEDDING,N/A,Ton,N/A,N/A,70.28,,,,,
733,23-Jun-2025,"3/4""",N/A,Ton,N/A,N/A,480.84,,,,,
734,23-Jun-2025,"3/8""",N/A,Ton,N/A,N/A,184.70,,,,,
735,23-Jun-2025,Powder,N/A,Ton,N/A,N/A,209.45,,,,,
736,23-Jun-2025,Oversize,N/A,Ton,N/A,N/A,753.42,,,,,
737,23-Jun-2025,Sand,N/A,Ton,N/A,N/A,755.00,,,,,
738,23-Jun-2025,sub-base,N/A,Ton,N/A,N/A,107.66,,,,,
739,23-Jun-2025,0-5mm,N/A,Ton,N/A,N/A,246.42,,,,,
740,23-Jun-2025,PIPE BEDDING,N/A,Ton,N/A,N/A,246.06,,,,,
741,23-Jun-2025,Base course,N/A,Ton,N/A,N/A,30.00,,,,,
742,24-Jun-2025,"3/4""",N/A,Ton,N/A,N/A,552.78,,,,,
743,24-Jun-2025,"3/8""",N/A,Ton,N/A,N/A,216.22,,,,,
744,24-Jun-2025,Powder,N/A,Ton,N/A,N/A,424.33,,,,,
745,24-Jun-2025,Oversize,N/A,Ton,N/A,N/A,529.84,,,,,
746,24-Jun-2025,Sand,N/A,Ton,N/A,N/A,424.33,,,,,
747,24-Jun-2025,sub-base,N/A,Ton,N/A,N/A,806.76,,,,,
748,24-Jun-2025,0-5mm,N/A,Ton,N/A,N/A,269.88,,,,,
749,24-Jun-2025,Base course,N/A,Ton,N/A,N/A,105.31,,,,,
750,25-Jun-2025,"3/4""",N/A,Ton,N/A,N/A,536.46,,,,,
751,25-Jun-2025,"3/8""",N/A,Ton,N/A,N/A,195.32,,,,,
752,25-Jun-2025,Powder,N/A,Ton,N/A,N/A,103.35,,,,,
753,25-Jun-2025,Oversize(1-3TON),N/A,Ton,N/A,N/A,433.46,,,,,
754,25-Jun-2025,Sand,N/A,Ton,N/A,N/A,566.89,,,,,
755,25-Jun-2025,sub-base,N/A,Ton,N/A,N/A,"1,266.89",,,,,
756,25-Jun-2025,0-5mm,N/A,Ton,N/A,N/A,297.65,,,,,
757,26-Jun-2025,"1/2""",N/A,Ton,N/A,N/A,32.38,,,,,
758,26-Jun-2025,"3/4""",N/A,Ton,N/A,N/A,37.08,,,,,
759,26-Jun-2025,"3/8""",N/A,Ton,N/A,N/A,295.94,,,,,
760,26-Jun-2025,Powder,N/A,Ton,N/A,N/A,103.55,,,,,
761,26-Jun-2025,Oversize,N/A,Ton,N/A,N/A,37.28,,,,,
762,26-Jun-2025,Sand,N/A,Ton,N/A,N/A,390.69,,,,,
763,26-Jun-2025,sub-base,N/A,Ton,N/A,N/A,543.34,,,,,
764,26-Jun-2025,0-5mm,N/A,Ton,N/A,N/A,153.62,,,,,
765,26-Jun-2025,A1A,N/A,Ton,N/A,N/A,6.10,,,,,
766,27-Jun-2025,"3/4""",N/A,Ton,N/A,N/A,204.14,,,,,
767,27-Jun-2025,"3/8""",N/A,Ton,N/A,N/A,112.68,,,,,
768,27-Jun-2025,Powder,N/A,Ton,N/A,N/A,52.10,,,,,
769,27-Jun-2025,Oversize,N/A,Ton,N/A,N/A,451.83,,,,,
770,27-Jun-2025,Sand,N/A,Ton,N/A,N/A,66.02,,,,,
771,27-Jun-2025,sub-base,N/A,Ton,N/A,N/A,572.33,,,,,
772,28-Jun-2025,"3/4""",N/A,Ton,N/A,N/A,276.56,,,,,
773,28-Jun-2025,"3/8""",N/A,Ton,N/A,N/A,514.04,,,,,
774,28-Jun-2025,Powder,N/A,Ton,N/A,N/A,52.00,,,,,
775,28-Jun-2025,Oversize,N/A,Ton,N/A,N/A,599.94,,,,,
776,28-Jun-2025,Sand,N/A,Ton,N/A,N/A,437.43,,,,,
777,28-Jun-2025,sub-base,N/A,Ton,N/A,N/A,"1,125.96",,,,,
778,28-Jun-2025,0-5mm,N/A,Ton,N/A,N/A,156.35,,,,,
779,28-Jun-2025,A1A,N/A,Ton,N/A,N/A,6.20,,,,,
780,29-Jun-2025,"3/4""",N/A,Ton,N/A,N/A,269.66,,,,,
781,29-Jun-2025,"3/8""",N/A,Ton,N/A,N/A,502.97,,,,,
782,29-Jun-2025,Powder,N/A,Ton,N/A,N/A,258.50,,,,,
783,29-Jun-2025,Oversize,N/A,Ton,N/A,N/A,517.86,,,,,
784,29-Jun-2025,Sand,N/A,Ton,N/A,N/A,364.36,,,,,
785,29-Jun-2025,sub-base,N/A,Ton,N/A,N/A,53.90,,,,,
786,29-Jun-2025,0-5mm,N/A,Ton,N/A,N/A,255.85,,,,,
787,29-Jun-2025,"3/16""",N/A,Ton,N/A,N/A,45.30,,,,,
788,29-Jun-2025,Rapid Draining,N/A,Ton,N/A,N/A,69.80,,,,,
789,30-Jun-2025,"3/8""",N/A,Ton,N/A,N/A,483.35,,,,,
790,30-Jun-2025,Powder,N/A,Ton,N/A,N/A,362.22,,,,,
791,30-Jun-2025,Oversize,N/A,Ton,N/A,N/A,478.17,,,,,
792,30-Jun-2025,Sand,N/A,Ton,N/A,N/A,625.51,,,,,
793,30-Jun-2025,"3/16""",N/A,Ton,N/A,N/A,91.73,,,,,
794,30-Jun-2025,"3/4""",N/A,Ton,N/A,N/A,515.16,,,,,
795,30-Jun-2025,"1/2""",N/A,Ton,N/A,N/A,25.84,,,,,
796,30-Jun-2025,0-5mm,N/A,Ton,N/A,N/A,258.90,,,,,
797,1-Jul-2025,"3/4""",N/A,Ton,N/A,N/A,402.14,,,,,
798,1-Jul-2025,"3/8""",N/A,Ton,N/A,N/A,787.44,,,,,
799,1-Jul-2025,0-5mm,N/A,Ton,N/A,N/A,461.68,,,,,
800,1-Jul-2025,Oversize,N/A,Ton,N/A,N/A,603.70,,,,,
801,1-Jul-2025,sub-base,N/A,Ton,N/A,N/A,27.67,,,,,
802,1-Jul-2025,Powder,N/A,Ton,N/A,N/A,312.70,,,,,
803,1-Jul-2025,Sand,N/A,Ton,N/A,N/A,"1,017.26",,,,,
804,2-Jul-2025,"3/4""",N/A,Ton,N/A,N/A,257.08,,,,,
805,2-Jul-2025,"3/8""",N/A,Ton,N/A,N/A,"1,176.27",,,,,
806,2-Jul-2025,0-5mm,N/A,Ton,N/A,N/A,386.76,,,,,
807,2-Jul-2025,Oversize,N/A,Ton,N/A,N/A,402.36,,,,,
808,2-Jul-2025,sub-base,N/A,Ton,N/A,N/A,153.70,,,,,
809,2-Jul-2025,Powder,N/A,Ton,N/A,N/A,210.38,,,,,
810,2-Jul-2025,Sand,N/A,Ton,N/A,N/A,486.17,,,,,
811,3-Jul-2025,"3/4""",N/A,Ton,N/A,N/A,103.84,,,,,
812,3-Jul-2025,"3/8""",N/A,Ton,N/A,N/A,223.34,,,,,
813,3-Jul-2025,0-5mm,N/A,Ton,N/A,N/A,107.30,,,,,
814,3-Jul-2025,Oversize,N/A,Ton,N/A,N/A,241.70,,,,,
815,3-Jul-2025,Powder,N/A,Ton,N/A,N/A,154.92,,,,,
816,3-Jul-2025,Sand,N/A,Ton,N/A,N/A,254.00,,,,,
817,3-Jul-2025,"2""",N/A,Ton,N/A,N/A,49.35,,,,,
818,4-Jul-2025,"3/4""",N/A,Ton,N/A,N/A,25.00,,,,,
819,4-Jul-2025,"3/8""",N/A,Ton,N/A,N/A,36.78,,,,,
820,4-Jul-2025,Oversize,N/A,Ton,N/A,N/A,449.72,,,,,
821,4-Jul-2025,Sand,N/A,Ton,N/A,N/A,91.91,,,,,
822,5-Jul-2025,"3/4""",N/A,Ton,N/A,N/A,395.54,,,,,
823,5-Jul-2025,"3/8""",N/A,Ton,N/A,N/A,428.71,,,,,
824,5-Jul-2025,0-5mm,N/A,Ton,N/A,N/A,460.32,,,,,
825,5-Jul-2025,Oversize,N/A,Ton,N/A,N/A,156.36,,,,,
826,5-Jul-2025,sub-base,N/A,Ton,N/A,N/A,80.43,,,,,
827,5-Jul-2025,Powder,N/A,Ton,N/A,N/A,208.90,,,,,
828,5-Jul-2025,Sand,N/A,Ton,N/A,N/A,577.55,,,,,
829,5-Jul-2025,A1A,N/A,Ton,N/A,N/A,24.40,,,,,
830,6-Jul-2025,"3/4""",N/A,Ton,N/A,N/A,868.44,,,,,
831,6-Jul-2025,"3/8""",N/A,Ton,N/A,N/A,504.62,,,,,
832,6-Jul-2025,0-5mm,N/A,Ton,N/A,N/A,198.22,,,,,
833,6-Jul-2025,Oversize,N/A,Ton,N/A,N/A,609.82,,,,,
834,6-Jul-2025,sub-base,N/A,Ton,N/A,N/A,91.02,,,,,
835,6-Jul-2025,Powder,N/A,Ton,N/A,N/A,105.20,,,,,
836,6-Jul-2025,Sand,N/A,Ton,N/A,N/A,350.03,,,,,
837,7-Jul-2025,A1A,N/A,Ton,N/A,N/A,0.00,,,,,
838,7-Jul-2025,"3/4""",N/A,Ton,N/A,N/A,403.09,,,,,
839,7-Jul-2025,"3/8""",N/A,Ton,N/A,N/A,480.35,,,,,
840,7-Jul-2025,0-5mm,N/A,Ton,N/A,N/A,469.09,,,,,
841,7-Jul-2025,Oversize,N/A,Ton,N/A,N/A,576.26,,,,,
842,7-Jul-2025,sub-base,N/A,Ton,N/A,N/A,100.15,,,,,
843,7-Jul-2025,Powder,N/A,Ton,N/A,N/A,52.00,,,,,
844,7-Jul-2025,Sand,N/A,Ton,N/A,N/A,56.46,,,,,
845,7-Jul-2025,Rapid Draining,N/A,Ton,N/A,N/A,325.14,,,,,
846,7-Jul-2025,ABC,N/A,Ton,N/A,N/A,0.00,,,,,
847,8-Jul-2025,"3/4""",N/A,Ton,N/A,N/A,"1,134.91",,,,,
848,8-Jul-2025,"3/8""",N/A,Ton,N/A,N/A,531.90,,,,,
849,8-Jul-2025,0-5mm,N/A,Ton,N/A,N/A,359.48,,,,,
850,8-Jul-2025,Oversize,N/A,Ton,N/A,N/A,221.88,,,,,
851,8-Jul-2025,sub-base,N/A,Ton,N/A,N/A,158.04,,,,,
852,8-Jul-2025,Powder,N/A,Ton,N/A,N/A,308.63,,,,,
853,8-Jul-2025,Sand,N/A,Ton,N/A,N/A,171.21,,,,,
854,8-Jul-2025,Rapid Draining,N/A,Ton,N/A,N/A,235.82,,,,,
855,8-Jul-2025,ABC,N/A,Ton,N/A,N/A,91.12,,,,,
856,9-Jul-2025,"3/4""",N/A,Ton,N/A,N/A,987.40,,,,,
857,9-Jul-2025,"3/8""",N/A,Ton,N/A,N/A,714.14,,,,,
858,9-Jul-2025,0-5mm,N/A,Ton,N/A,N/A,235.14,,,,,
859,9-Jul-2025,Oversize,N/A,Ton,N/A,N/A,289.88,,,,,
860,9-Jul-2025,sub-base,N/A,Ton,N/A,N/A,183.88,,,,,
861,9-Jul-2025,Powder,N/A,Ton,N/A,N/A,300.75,,,,,
862,9-Jul-2025,Sand,N/A,Ton,N/A,N/A,174.42,,,,,
863,9-Jul-2025,PIPE BEDDING,N/A,Ton,N/A,N/A,666.92,,,,,
864,10-Jul-2025,"3/4""",N/A,Ton,N/A,N/A,777.04,,,,,
865,10-Jul-2025,"3/8""",N/A,Ton,N/A,N/A,582.94,,,,,
866,10-Jul-2025,0-5mm,N/A,Ton,N/A,N/A,227.65,,,,,
867,10-Jul-2025,Oversize,N/A,Ton,N/A,N/A,0.00,,,,,
868,10-Jul-2025,sub-base,N/A,Ton,N/A,N/A,348.42,,,,,
869,10-Jul-2025,Powder,N/A,Ton,N/A,N/A,151.95,,,,,
870,10-Jul-2025,Sand,N/A,Ton,N/A,N/A,68.05,,,,,
871,10-Jul-2025,PIPE BEDDING,N/A,Ton,N/A,N/A,269.04,,,,,
872,10-Jul-2025,"1/2""",N/A,Ton,N/A,N/A,40.00,,,,,
873,11-Jul-2025,PIPE BEDDING,N/A,Ton,N/A,N/A,75.16,,,,,
874,11-Jul-2025,"3/4""",N/A,Ton,N/A,N/A,376.10,,,,,
875,11-Jul-2025,"3/8""",N/A,Ton,N/A,N/A,381.81,,,,,
876,11-Jul-2025,sub-base,N/A,Ton,N/A,N/A,180.20,,,,,
877,11-Jul-2025,Sand,N/A,Ton,N/A,N/A,45.50,,,,,
878,12-Jul-2025,"3/4""",N/A,Ton,N/A,N/A,"1,153.02",,,,,
879,12-Jul-2025,"3/8""",N/A,Ton,N/A,N/A,589.96,,,,,
880,12-Jul-2025,0-5mm,N/A,Ton,N/A,N/A,595.97,,,,,
881,12-Jul-2025,Oversize,N/A,Ton,N/A,N/A,303.92,,,,,
,12-Jul-2025,sub-base,N/A,Ton,N/A,N/A,236.74,,,,,
,12-Jul-2025,Powder,N/A,Ton,N/A,N/A,436.88,,,,,
,12-Jul-2025,Sand,N/A,Ton,N/A,N/A,419.06,,,,,
,12-Jul-2025,PIPE BEDDING,N/A,Ton,N/A,N/A,381.12,,,,,
,12-Jul-2025,Agg base course,N/A,Ton,N/A,N/A,146.06,,,,,
,13-Jul-2025,"3/4""",N/A,Ton,N/A,N/A,"1,311.84",,,,,
,13-Jul-2025,"3/8""",N/A,Ton,N/A,N/A,401.30,,,,,
,13-Jul-2025,0-5mm,N/A,Ton,N/A,N/A,641.03,,,,,
,13-Jul-2025,Oversize,N/A,Ton,N/A,N/A,30.58,,,,,
,13-Jul-2025,sub-base,N/A,Ton,N/A,N/A,230.72,,,,,
,13-Jul-2025,Powder,N/A,Ton,N/A,N/A,258.70,,,,,
,13-Jul-2025,Sand,N/A,Ton,N/A,N/A,789.65,,,,,
,13-Jul-2025,PIPE BEDDING,N/A,Ton,N/A,N/A,458.32,,,,,
,13-Jul-2025,Agg base course,N/A,Ton,N/A,N/A,91.31,,,,,
,13-Jul-2025,"1/2""",N/A,Ton,N/A,N/A,34.68,,,,,
,13-Jul-2025,ABC,N/A,Ton,N/A,N/A,49.56,,,,,
,,,N/A,Ton,N/A,N/A,,,,,,
,,,N/A,Ton,N/A,N/A,,,,,,
,,,N/A,Ton,N/A,N/A,,,,,,
,,,N/A,Ton,N/A,N/A,,,,,,
,,,N/A,Ton,N/A,N/A,,,,,,
,,,N/A,Ton,N/A,N/A,,,,,,
,,,,,,,,,,,,
,,,,,,,,,,,,
,,,,,,,,,,,,
,,,,,,,,,,,,
,,,,,,,,,,,,
,,,,,,,,,,,,
,,,,,,,,,,,,
,,,,,,,,,,,,
,,,,,,,,,,,,
,,,,,,,,,,,,
,,,,,,,,,,,,
,,,,,,,,,,,,
,,,,,,,,,,,,
,,,,,,,,,,,,
,,,,,,,,,,,,
,,,,,,,,,,,,
,,,,,,,,,,,,
,,,,,,,,,,,,
,,,,,,,,,,,,
,,,,,,,,,,,,
,,,,,,,,,,,,
,,,,,,,,,,,,
,,,,,,,,,,,,
,,,,,,,,,,,,
,,,,,,,,,,,,
,,,,,,,,,,,,
,,,,,,,,,,,,
,,,,,,,,,,,,
,,,,,,,,,,,,
,,,,,,,,,,,,
,,,,,,,,,,,,
,,,,,,,,,,,,
,,,,,,,,,,,,
,,,,,,,,,,,,
,,,,,,,,,,,,
,,,,,,,,,,,,
,,,,,,,,,,,,
,,,,,,,,,,,,
,,,,,,,,,,,,
,,,,,,,,,,,,
,,,,,,,,,,,,
,,,,,,,,,,,,
,,,,,,,,,,,,
,,,,,,,,,,,,
,,,,,,,,,,,,
,,,,,,,,,,,,
,,,,,,,,,,,,
,,,,,,,,,,,,
,,,,,,,,,,,,
,,,,,,,,,,,,
,,,,,,,,,,,,
,,,,,,,,,,,,
,,,,,,,,,,,,
,,,,,,,,,,,,
,,,,,,,,,,,,
,,,,,,,,,,,,
,,,,,,,,,,,,
,,,,,,,,,,,,
,,,,,,,,,,,,
,,,,,,,,,,,,
,,,,,,,,,,,,
,,,,,,,,,,,,
,,,,,,,,,,,,
,,,,,,,,,,,,
,,,,,,,,,,,,
,,,,,,,,,,,,
,,,,,,,,,,,,
,,,,,,,,,,,,
,,,,,,,,,,,,
,,,,,,,,,,,,
,,,,,,,,,,,,
,,,,,,,,,,,,
,,,,,,,,,,,,
,,,,,,,,,,,,
,,,,,,,,,,,,
,,,,,,,,,,,,
,,,,,,,,,,,,
,,,,,,,,,,,,
,,,,,,,,,,,,
,,,,,,,,,,,,
,,,,,,,,,,,,
,,,,,,,,,,,,
,,,,,,,,,,,,
,,,,,,,,,,,,
,,,,,,,"332,263.02",,,,,
